ID,First Name, Last Name, Email
1,Cam,Cookie,Cam.Cookie@yopmail.com
2,Mildrid,Baudin,Mildrid.Baudin@yopmail.com
4,Augustine,Standing,Augustine.Standing@yopmail.com
5,Magdalena,Uund,Magdalena.Uund@yopmail.com
6,Ketti,Harday,Ketti.Harday@yopmail.com
7,Corly,Fiann,Corly.Fiann@yopmail.com
8,Ashlee,Kamaria,Ashlee.Kamaria@yopmail.com
9,Roseline,Payson,Roseline.Payson@yopmail.com
10,Trudie,Douglass,Trudie.Douglass@yopmail.com
created @Sun Jul 09 11:30:17 CEST 2023